{
    "496": {
        "name": "Juventus",
        "information": "\"Juventus, represented by the code JUV, hails from the beautiful country of Italy. This sturdy team, founded in the rich sporting history of 1897, is set to showcase its prowess on the field today.\"",
        "statistics": {
            "team_performance": "Juventus, with their form 'WDDWDDLWLWWWWWWWWLDLWWWWLWWWLLLDWWWLLW', have been showing consistent performance. With a total of 38 matches played, they have 22 victories, where 13 are at home and 9 are away games.",
            "team_goals": "The total number of goals that Juventus scored is impressive at 56, with 38 being scored in home fixtures and 18 in away games. Their average goal rate per game stands at 1.5, with home games seeing an average of 2.0 goals and away games 0.9 goals.",
            "goal_distribution": "The goal distribution stats show that the team typically scores the most between minutes 46-60 with a 23.21% rate. They are also the most vulnerable in the same time frame, conceding 27.27% of their total goals against in this period.",
            "streaks": "In terms of streaks, Juventus had their largest winning streak with 8 consecutive wins. Their longest run of draws and losses, on the other hand, was 2 and 3 respectively.",
            "discipline": "As for discipline, the team has seen the most yellow cards between minutes 76-90 at a rate of 20.00%, while most red cards were received in extra time, between minutes 91-105, at an alarming rate of 66.67%.",
            "penalties": "Juventus had a flawless record in penalties this season, scoring all 3 they were given, with a penalty scoring rate of 100%.",
            "clean_sheets": "On the defensive front, Juventus have managed to keep 20 clean sheets in total, 10 each in both home and away games."
        },
        "news": null,
        "injuries": {},
        "players": {
            "271": {
                "information": {
                    "firstname_lastname": "On the pitch today, we have Leandro Daniel Paredes, showcasing his talent in the world of football.",
                    "age": "At the age of 29, Paredes showcases a blend of experience and vigour that makes him one of the exciting players to watch out for.",
                    "birth_details": "Born on the 29th of June, 1994 in the town of San Justo, Argentina, Paredes' journey to global fame is nothing short of remarkable.",
                    "nationality": "Proudly representing his home country Argentina, Paredes is a symbol of national pride in every game he plays.",
                    "physical_attributes": "Standing tall at 182 cm and weighing 75 kg, Paredes is a formidable presence on the field, making his physicality one of his key strengths."
                },
                "statistics": {
                    "GamesAppearance": "Paredes has made a total of 25 appearances this season, showing how vital he is to the team's strategy.",
                    "GamesStarts": "The sturdy midfielder has been in the starting lineup 8 times. It goes to show the belief his coach has in his ability to influence the game from the start.",
                    "MinutesPlayed": "Paredes has logged a significant 966 minutes on the pitch this season. Clearly, his skill set is greatly utilized in the team's structure.",
                    "Position": "Operating primarily as a Midfielder, Paredes infuses the squad with balance and versatility.",
                    "Rating": "Sporting an average rating of 6.88, there's no doubt that Paredes has had a strong influence in the games he has participated in.",
                    "SubstituteAppearances": "His ability to make an impact off the bench is underlined by his 17 substitute appearances, clearly a tool his coach likes to deploy.",
                    "TotalShots": "With a total of 9 shots taken this season, Paredes isn\u2019t shy to have a crack at goal when he gets a sight of it.",
                    "GoalScored": "Paredes has found the back of the net once this season, a sweet moment for any midfielder.",
                    "Passes": "Paredes is central to the team's ball movement, with a whopping 722 total passes this season, distributing the ball effectively to his teammates.",
                    "KeyPasses": "His creative streak is undeniable, having played 22 key passes that have opened up the opposition defense.",
                    "Tackles": "Paredes has made a significant defensive contribution with 20 total tackles, highlighting his commitment at both ends of the pitch.",
                    "Duels": "Coming out on top in 38 out of 74 duels, Paredes has proven to be a combative presence in the midfield.",
                    "Dribbles": "With 4 successful dribbles out of 5 attempts, Paredes is not afraid to take on his man and create opportunities.",
                    "Fouls": "Paredes has committed 20 fouls and drawn 10, indicating the intensely competitive nature of his game.",
                    "Cards": "The discipline side of Paredes game could use some work, having collected 7 yellow cards and 1 red card this season."
                },
                "transfers": {
                    "first_move": "Paredes began his European career with a loan move from Boca Juniors to Chievo on January 29, 2014.",
                    "second_move": "After that brief spell in Italy, Paredes was loaned out again to AS Roma from Boca Juniors on July 19, 2014.",
                    "third_move": "AS Roma decided to make the deal permanent, signing Paredes from Boca Juniors for \u20ac 4.5M on July 1, 2015.",
                    "fourth_move": "AS Roma loaned Paredes to Empoli on August 31, 2015, where he spent the 2015-2016 season.",
                    "fifth_move": "After returning from loan, on July 1, 2017, Paredes made a big move to Russia, joining Zenit Saint Petersburg from AS Roma for \u20ac 23M.",
                    "sixth_move": "Paredes' stay in Russia was short-lived, as he joined Paris Saint Germain for a whopping \u20ac 40.2M on January 29, 2019.",
                    "seventh_move": "Most recently, on August 31, 2022, Paredes switched colors to Juventus on a loan deal from Paris Saint Germain.",
                    "eighth_move": "Looking ahead, on July 1, 2023, Paredes is set to return to Paris Saint Germain from his loan spell at Juventus.",
                    "ninth_move": "In a surprising move, on August 16, 2023, Paredes will once again don the AS Roma jersey, this time being transferred from Paris Saint Germain for a fee of \u20ac 2.5M."
                },
                "news": null
            },
            "272": {
                "information": {
                    "Player FullName": "Joining us on the field is Adrien Thibault Marie Rabiot-Provost, a key player to watch out for.",
                    "Player Age": "At 28 years old, Rabiot-Provost is at the prime of his career.",
                    "Player BirthInformation": "Born on April 3rd, 1995, Rabiot-Provost hails from Saint-Maurice, a town in France.",
                    "Player Nationality": "Proudly representing his home country, his nationality is French.",
                    "Player PhysicalAttributes": "Standing tall at 188 cm and weighing 72 kg, Rabiot-Provost's physical prowess is truly a sight to behold."
                },
                "statistics": {
                    "general_info": "Rabiot-Provost, a robust midfielder, has had a solid performance this season. He's made an appearance in 32 games, predominantly starting in the lineup with 31 out of 32 games. Despite not being a captain, his presence on the field for a whopping 2751 minutes is significant.",
                    "offense_stats": "Rabiot-Provost's offensive contribution has been impressive with 35 attempts on goal, 23 of them on target. He's netted the ball 8 times and provided 4 assists for his team. His successful dribble rate stands at 25 out of 43 attempts.",
                    "defense_stats": "On the defensive front, Rabiot-Provost has shown tenacity with a total of 65 tackles, 7 blocks, and 26 interceptions. He's committed 45 fouls drawing 9 yellow cards, showing his edge on the field.",
                    "passing_stats": "In terms of distribution, Rabiot-Provost has completed 1136 passes with a key pass count of 31 and an accuracy rate of 29%. His performance in duels is also notable with 182 wins out of 341 total duels.",
                    "penalty_stats": "Interestingly, Rabiot-Provost hasn't scored any penalties this season, but he's also not missed any, indicating his role is more aligned with creating opportunities and holding the midfield rather than being the finisher.",
                    "substitute_stats": "In terms of substitutions, Rabiot-Provost has been subbed in once and subbed out 4 times, while being available as a substitute on the bench once.",
                    "rating_info": "Overall, Rabiot-Provost has maintained a commendable performance rating of 7.031250 for the season."
                },
                "transfers": {
                    "Rabiot_Provost_Juventus_Transfer": "On July 1, 2019, Rabiot-Provost sealed a monumental move from Paris Saint Germain to Juventus on a free transfer. Clearly, his value was undeniable despite the absence of a transfer fee.",
                    "Rabiot_Provost_Paris_Saint_Germain_Transfer": "July 1st, 2013 saw Rabiot-Provost return to Paris Saint Germain from Toulouse, with the specifics of the transfer not disclosed.",
                    "Rabiot_Provost_Toulouse_Loan": "Earlier in 2013, on January 31, Rabiot-Provost was loaned out to Toulouse from Paris Saint Germain, an opportunity that gave him valuable experience."
                },
                "news": null
            },
            "1821": {
                "information": {
                    "Introduction": "On the field today, we have Filip Kosti\u0107, a powerhouse from Serbia.",
                    "Age": "At 31 years old, Kosti\u0107 has proven time and again that age is just a number.",
                    "Birth_info": "Born on the 1st of November, 1992, in the city of Kragujevac, Serbia, Kosti\u0107's journey to stardom started in his homeland.",
                    "Nationality": "Hailing from Serbia, Kosti\u0107 has indeed put his country on the football map with his stunning performances.",
                    "Physical_attributes": "Standing tall at 184 cm and weighing roughly 81 kilograms, Kostic's physical presence on the field is undeniable."
                },
                "statistics": {
                    "Player_Information": "And on the field, we have Kosti\u0107, the notable Midfielder.",
                    "Appearances_and_Minutes": "Kosti\u0107 has been seen in 37 games this season, starting in 33 of them and playing a total of 2,582 minutes.",
                    "Captain_Stats": "Despite his solid performance, Kosti\u0107 is not the team captain.",
                    "Substitute_Stats": "He has been pulled from the bench 4 times, replaced in 21 instances and has been a bench player in 5 games.",
                    "Shots_and_Goals": "Kosti\u0107 has taken 27 shots this season, with 11 on target, leading to a total of 3 goals.",
                    "Passes": "Showing his skill in ball distribution, Kosti\u0107 has made 875 total passes, with 67 key passes and an accuracy of 18%.",
                    "Defense_Stats": "On the defensive side, he's made a total of 41 tackles, with 4 blocks and 16 interceptions.",
                    "Duels_and_Dribbles": "He's a powerful player, engaged in 197 duels and won 89. He's made 47 dribbling attempts with 23 successful attempts.",
                    "Fouls_and_Cards": "Kosti\u0107 has drawn 12 fouls and committed 29, receiving 3 yellow cards in the process.",
                    "Penalty_Stats": "Regarding penalties, he hasn't scored, missed, won or committed any penalties this season."
                },
                "transfers": {
                    "transfer_1": "Kosti\u0107 made his most recent move from Eintracht Frankfurt to Juventus on August 11, 2022, the transfer details are currently not available.",
                    "transfer_2": "Before joining Juventus, Kosti\u0107 wore the Eintracht Frankfurt jersey after a \u20ac 6M transfer from Hamburger SV on July 1, 2019.",
                    "transfer_3": "Interestingly, Kosti\u0107 was initially loaned to Eintracht Frankfurt by Hamburger SV on August 20, 2018, before making it permanent a year later.",
                    "transfer_4": "Kosti\u0107's journey with Hamburger SV began on July 25, 2016, when they secured his services from VfB Stuttgart for a fee of \u20ac 14M.",
                    "transfer_5": "The Serbian winger moved from Groningen to VfB Stuttgart for \u20ac 6M on August 9, 2014.",
                    "transfer_6": "Kosti\u0107\u2019s career in Western Europe began with a move to Groningen from Radnicki 1923 on July 1, 2012 for a transfer fee of \u20ac 1.3M."
                },
                "news": null
            },
            "415": {
                "information": {
                    "Player Name": "Our focus right now is on Weston James Earl McKennie, an exceptional talent on the field.",
                    "Age": "At just 25 years old, McKennie has already demonstrated impressive skills and maturity in his game.",
                    "Birth Date": "Born on the 28th of August in 1998, McKennie certainly makes a great case for the late summer babies that they too can be football stars.",
                    "Birth Place and Country": "McKennie hails from the city of Little Elm, nestled right in the heart of USA, a country he represents with great pride in his athletic ventures.",
                    "Nationality": "Proudly representing his home country, it's always a joy to see McKennie don the colors of the USA on the football pitch.",
                    "Player's Height and Weight": "Standing at 183 cm and weighing 84 kg, McKennie certainly brings a physical presence to every match he participates in."
                },
                "statistics": {
                    "Player Name": "Today on the field, we have the remarkable Midfielder, McKennie.",
                    "Game Statistics": "McKennie has total of 15 appearances on the pitch this season, having been selected in the lineups for 13 of those games, which adds up to a solid 1059 minutes of game time.",
                    "Shooting Statistics": "Let's talk about shots, McKennie has taken 4 shots in total and impressively all of them were on target. He found the back of the net once, contributing to his team's success.",
                    "Substitute Statistics": "He's shown his team-orientation by stepping down 7 times for substitutes and being called off the bench twice.",
                    "Passing and Tackling": "The midfielder has shown considerable prowess with 377 total passes and 8 key passes. Despite a pass accuracy of 20%, he made a significant contribution with 14 tackles, 4 blocks, and 11 interceptions.",
                    "Duel and Dribbles": "McKennie is relentless in his pursuit, with a total of 84 duels and 38 won. He has attempted 8 dribbles and succeeded in 5 of them.",
                    "Discipline": "Showing excellent discipline, McKennie hasn't received a single yellow or red card this season, committing 13 fouls but drawing 7 in return.",
                    "Overall Performance": "With a player rating of 6.753333, this talented Midfielder is certainly someone to keep an eye on."
                },
                "transfers": {
                    "first_transfer": "McKennie's first major transfer saw him move from FC Schalke 04 to Juventus on a loan deal back on September 1, 2020.",
                    "permanent_transfer": "The American midfielder made his move to Juventus permanent with a \u20ac20.5M deal from FC Schalke 04, announced on July 1, 2021.",
                    "return_loan": "In a surprising turn of events, McKennie was loaned back to Leeds on January 31, 2023, after a stint at Juventus.",
                    "latest_transfer": "With his most recent transfer occurring on July 1, 2023, McKennie shifted alliances once again, moving from Leeds back to Juventus."
                },
                "news": null
            },
            "181808": {
                "information": {
                    "Full name": "We've got Fabio Miretti on the field today, a name that's becoming well-known in Italian football.",
                    "Age": "At just 20 years old, Miretti shows talent and skill beyond his years.",
                    "Date of Birth": "Born on August 3, 2003, Miretti's career in football has started early and shown great promise.",
                    "Nationality": "A proud native of Italy, Miretti is representing his country with every game he plays.",
                    "Height": "Standing at 179 cm, Miretti uses his height to his advantage on the field."
                },
                "statistics": {
                    "AppearanceStats": "Miretti has made a total of 27 appearances this season, starting in the lineup 14 times. He has played a total of 1232 minutes.",
                    "PositionStats": "Miretti plays as a Midfielder. He has not worn the captain's armband in this season.",
                    "SubstitutionStats": "Miretti has been substituted in 13 times, and has also been taken off 13 times. He\u2019s found himself on the bench 20 times.",
                    "ShootingStats": "Miretti has attempted 11 shots, with 5 being on target. However, he has not found the back of the net yet.",
                    "GoalContributionStats": "While Miretti hasn't scored any goals, he has provided 2 assists.",
                    "PassingStats": "Miretti has completed a total of 476 passes, with a passing accuracy of 12%. He has also made 16 key passes, indicating his role in setting up scoring opportunities.",
                    "TacklingStats": "Miretti has made 24 tackles in total, with 1 block and 4 interceptions.",
                    "DuelStats": "Miretti has contested in 180 duels, coming out on top in 77 of them.",
                    "DribblingStats": "Miretti has attempted 36 dribbles, with 16 of them being successful.",
                    "FoulStats": "Miretti has drawn 27 fouls, while committing 24 fouls himself.",
                    "DisciplinaryStats": "Disciplinarily, Miretti has received 2 yellow cards but has managed to stay clear of any red cards."
                },
                "transfers": {
                    "player_transfer_history": "Well, as we look into the career profile of Miretti, it's interesting to note that he has had no transfers to this date. This is quite a rarity in the world of football. Miretti has remained loyal to his club, showing consistent performance and undying dedication."
                },
                "news": null
            },
            "268341": {
                "information": {
                    "Player_Name": "On the field today, we have the talented Federico Gatti, a young player who's already making a name for himself in the world of football.",
                    "Age": "At only 25 years of age, Gatti is displaying a maturity and skill level that belies his years.",
                    "DOB": "Born on June 24, 1998, Gatti has been perfecting his skills for more than two decades.",
                    "Birth_Country": "Hailing from Italy, Gatti is bringing his country's storied football history to the forefront.",
                    "Nationality": "As an Italian player, Gatti is a source of pride for his country and continues to uphold the excellence of Italian football with every game he plays.",
                    "Height": "Standing at a towering 190 cm, Gatti undoubtedly has an advantage on the field, able to go head to head with some of the tallest players in the game."
                },
                "statistics": {
                    "appearances": "Gatti has made a total of 18 appearances in the season, asserting his importance in the squad.",
                    "starts": "Out of his 18 appearances, Gatti has been in the starting lineup 16 times, showing his coach's trust in his abilities.",
                    "minutes": "Gatti has spent 1446 minutes on the pitch, a testament to his stamina and skill.",
                    "position": "Playing as a defender, Gatti has shown exceptional command over his position.",
                    "rating": "Gatti's average rating for the season stands at 6.97, indicating a consistent performance.",
                    "substitutions": "Gatti has been substituted in 2 times and has yet to be substituted out, showing his durability on the field.",
                    "shots": "He has attempted 9 shots, 4 of which were on target, but he is yet to score this season.",
                    "passes": "With 943 total passes and a 47% accuracy rate, Gatti has been essential in transitioning the ball from defense to attack.",
                    "tackles": "Gatti's defensive prowess is evident in his 15 tackles, 14 blocks, and 21 interceptions.",
                    "duels": "He has engaged in a total of 124 duels and has emerged victorious in 68 of them.",
                    "dribbles": "Gatti has attempted 10 dribbles, succeeding in 8, showcasing close ball control and agility.",
                    "fouls": "Gatti has drawn 13 fouls and committed 16, resulting in 4 yellow cards but no red cards.",
                    "penalties": "He hasn't been involved in any penalty situations either in committing or scoring them."
                },
                "transfers": {
                    "player_transfer1": "In a remarkable fashion, Gatti made the move from Juventus to Frosinone on July 1, 2022, though the transfer type remains unspecified.",
                    "player_transfer2": "Earlier the same year, on February 1, 2022, an interesting development saw Gatti loaned from Juventus to Frosinone.",
                    "player_transfer3": "Just a day before this loan move, Gatti made the transition from Frosinone to Juventus for a substantial fee of \u20ac4.5M on January 31, 2022.",
                    "player_transfer4": "Gatti had an unmarked transfer from Pro Patria to Frosinone on July 1, 2021.",
                    "player_transfer5": "Tracing back to August 5, 2020, Gatti's journey saw him transition from Verbania to Pro Patria on a free transfer, a significant point in his career."
                },
                "news": null
            },
            "30533": {
                "information": {
                    "Player's Name": "We have on field, Manuel Locatelli, a virtuous talent who never fails to amaze.",
                    "Player's Age": "At the age of 25, Locatelli's impressive performance is undeniable and his future in football looks extremely bright.",
                    "Player's Birth Information": "Locatelli, the prodigy, hails from Lecco, Italy where he was born on 8th of January, 1998. His birthplace, Italy, is known to have produced some of the finest footballers in history.",
                    "Player's Nationality": "Repping his nation proudly, Locatelli is of Italian nationality, further enhancing Italy's strong reputation in the world of football.",
                    "Player's Physical Attributes": "Standing tall at 185 cm and tipping the scales at 75 kg, Locatelli's height and weight give him a definitive presence on the football field."
                },
                "statistics": {
                    "appearance_stats": "Locatelli has made 32 appearances this season, 29 of which have seen him in the starting lineup. He has accumulated a total of 2458 minutes on the pitch.",
                    "position_rating_stats": "Locatelli, primarily a Midfielder, has a season average rating of 6.996875. He has not served as a captain in any game.",
                    "substitution_stats": "Throughout the season, Locatelli has been substituted in 3 times and has been replaced by a substitute in 13 matches. He has also been named in the substitutes' bench for 5 games.",
                    "shooting_stats": "On the shooting front, Locatelli has taken 19 total shots with 12 of them being on target. However, he has not managed to find the back of the net this season.",
                    "passing_tackling_stats": "Having made 1339 total passes with an accuracy of 34%, Locatelli also has 23 key passes to his name. He has successfully launched 59 tackles, blocked 22 attempts and made 27 interceptions.",
                    "duel_dribble_stats": "In duels, Locatelli has contested a total of 262 times, coming out on top in 139 of them. With 26 dribbling attempts, he has succeeded 15 times.",
                    "fouls_cards_stats": "Locatelli has drawn 31 fouls while committing 44. He has received 8 yellow cards but has managed to avoid any red card or two yellows in a game so far.",
                    "penalty_stats": "Despite his offensive contributions, Locatelli has not won, committed or missed any penalties this season."
                },
                "transfers": {
                    "Locatelli_initial_transfer": "In 2018, Locatelli made his first big move, transferring from AC Milan to Sassuolo on a loan deal.",
                    "Locatelli_permanent_transfer_Sassuolo": "Just a year later, in 2019, Sassuolo were satisfied with Locatelli's performances and decided to make the deal permanent for a fee of \u20ac10M.",
                    "Locatelli_loan_to_Juventus": "Locatelli's skills didn't go unnoticed and in August of 2021, Italian giants Juventus snapped him up on a loan deal.",
                    "Locatelli_final_transfer_Juventus": "Following impressive performances, Juventus decided to purchase Locatelli outright in July 2023 for a respectable sum of \u20ac25M, a testament to his rising footballing pedigree."
                },
                "news": null
            },
            "333": {
                "information": {
                    "firstname": "We have Arkadiusz Krystian on the field today,",
                    "lastname": "also known as Milik, who is making his presence known,",
                    "age": "At 29 years old, he's in his prime and showing excellent performance on the pitch,",
                    "birth_date": "Born on February 28th, 1994, he's truly made a name for himself in international football,",
                    "birth_place": "Milik hails from Tychy,",
                    "birth_country": "a city in Poland, which is also his birth country,",
                    "nationality": "He proudly carries the national colors of Poland on his shoulders,",
                    "height": "Standing tall at 186 cm, his height is definitely an advantage in aerial duels,",
                    "weight": "Tipping the scales at 80 kg, his perfect balance of weight and speed makes him a formidable player."
                },
                "statistics": {
                    "Player Overview": "Milik, playing as an attacker, has made a total of 27 appearances this season, starting in 17 of them. He has spent a total of 1589 minutes on the pitch.",
                    "Substitutions": "Throughout the season, Milik has been subbed in 10 times, subbed out 12 times, and has been on the bench for 11 games.",
                    "Shots Goals and Assists": "Milik is a real threat in front of the goal, with a total of 36 shots this season, 23 of which were on target. He has scored 7 goals and provided one assist.",
                    "Passes": "Milik has done well in orchestrating the play with a total of 439 passes, 17 of which were key passes. His pass accuracy stands at 12 percent.",
                    "Defense": "Despite being an attacker, Milik has made his contributions in defense, with 12 successful tackles, 1 block, and 1 interception.",
                    "Duels and Dribbles": "He has engaged in 197 duels, winning 88 of them. He attempted 20 dribbles, out of which 11 were successful.",
                    "Fouls and Cards": "Milik has drawn 29 fouls, while committing 27 himself. He received 2 yellow cards and 1 yellow-red card throughout the season.",
                    "Penalties": "Milik has had his ups and downs with penalties - while he hasn't missed any, he unfortunately missed one."
                },
                "transfers": {
                    "player_name": "Milik",
                    "first_transfer": "Starting his professional career in 2011, Milik was first transferred from Rozw\u00f3j Katowice to Gornik Zabrze, a move for which the transfer fee remains undisclosed.",
                    "transfer_to_bayer_leverkusen": "After a successful spell at Gornik Zabrze, Bayer Leverkusen saw potential in Milik, signing him for a fee of \u20ac2.6 million in January 2013.",
                    "loan_to_fc_augsburg": "In a surprising turn of events, Bayer Leverkusen loaned Milik to FC Augsburg in the summer of 2013.",
                    "loan_and_sale_to_ajax": "The following year, in July 2014, Milik was loaned to Ajax before a permanent move was secured a year later for \u20ac2.8 million.",
                    "big_move_to_napoli": "After shining in the Eredivisie, Napoli took notice and secured Milik's services in August 2016, splashing out a hefty \u20ac32 million.",
                    "loan_and_sale_to_marseille": "Following a successful loan spell at Marseille from January to June 2022, the French side decided to make the move permanent, paying \u20ac13 million for his services.",
                    "loan_to_juventus": "In a move that surprised many, Juventus secured Milik on loan from Marseille in late August 2022.",
                    "permanent_move_to_juventus": "After a successful spell on loan, Juventus decided to make Milik's move permanent in the summer of 2023, for a fee of \u20ac6.3 million."
                },
                "news": null
            },
            "30415": {
                "information": {
                    "PlayerName": "Now on the pitch is the Serbian striker, Du\u0161an Vlahovi\u0107. At just 23 years of age, he's showing a promise that belies his youth.",
                    "BirthInfo": "Du\u0161an was born on the 28th of January in the year 2000. A true son of Beograd located in the heart of Serbia.",
                    "PhysicalStats": "With a commanding presence on the field, Vlahovi\u0107 stands tall at 190 centimeters and weighs around 88 kilograms. A true force to be reckoned with."
                },
                "statistics": {
                    "Player Appearances": "With a total of 27 appearances this season, Vlahovi\u0107 continues to be a strong presence on his team.",
                    "Player Game Lineups": "Vlahovi\u0107 has been named in the starting lineup for 22 games, a testament to the trust the team's coach has in him.",
                    "Game Minutes": "After clocking up 1930 minutes in play so far, Vlahovi\u0107 is proving to be a workhorse on the field.",
                    "Player Position": "With an established role as an Attacker, Vlahovi\u0107 is often the key to his team's offensive moves.",
                    "Game Rating": "Holding a solid average rating of 6.93, Vlahovi\u0107's performance has been consistently good this season.",
                    "Substitutions": "Vlahovi\u0107's dynamic contributions are clear from his 5 substitution-ins, while he's been subbed out 11 times this season.",
                    "Shooting Stats": "Vlahovi\u0107 has attempted a whopping 53 shots this season, with a successful shot on target ratio of around 41 percent, totaling 22 shots on target.",
                    "Scoring Record": "With a commendable 10 goals to his name this season, Vlahovi\u0107 is certainly a threat to the opposition.",
                    "Passing Stats": "With 373 total passes and 21 key ones, alongside a passing accuracy of 10, Vlahovi\u0107 is a key part of the team's offensive setup.",
                    "Defensive Contributions": "Providing value in defense as well, Vlahovi\u0107 has made a total of 11 tackles, 3 blocks, and 3 interceptions.",
                    "Duel Performance": "In his 220 total duels, Vlahovi\u0107 has emerged victorious in 87 instances; a substantial effort indeed.",
                    "Dribbling Skills": "Vlahovi\u0107 has attempted 32 dribbles, successfully completing nearly 44% of them.",
                    "Foul Stats": "Vlahovi\u0107 has drawn 26 fouls while committing 19, a ratio that shows his ability to withstand pressure from opponents.",
                    "Disciplinary Record": "With only one yellow card to his name, Vlahovi\u0107 maintains a clean disciplinary record this season.",
                    "Penalty Record": "Proving skillful under pressure, Vlahovi\u0107 has scored 2 penalties, though he has also missed one."
                },
                "transfers": {
                    "First_Transfer": "On July 1, 2018, Vlahovi\u0107 made a notable move from FK Partizan to Fiorentina; unfortunately, the transfer fee remains undisclosed to this day",
                    "Recent_Transfer": "In a landmark deal completed on January 28, 2022, Vlahovi\u0107 was snatched up by Juventus from Fiorentina for a staggering sum of \u20ac81.6 million."
                },
                "news": null
            },
            "849": {
                "information": {
                    "firstname_lastname": "Our focus for the game today is the Italian goalkeeper, Mattia Perin.",
                    "age": "At 31 years old, Perin brings a great deal of experience to the field.",
                    "birth_info": "Perin, born on November 10, 1992, hails from the city of Latina in Italy.",
                    "nationality": "A proud Italian, Perin is a key figure in the Italian national team.",
                    "physical_attributes": "Standing at 188 cm tall and weighing 85 kg, his physical presence in goal is truly formidable."
                },
                "statistics": {
                    "appearances": "Perin made a total of 11 appearances, featuring in the lineup for 10 of these games.",
                    "minutes_played": "Perin clocked in a total of 947 minutes on the field.",
                    "position_and_rating": "Playing as a goalkeeper, Perin has given consistent performances with an average rating of 7.15.",
                    "captain_status": "While Perin is not serving as team's Captain, his contributions to the team remain significant.",
                    "substitutions": "Perin has been subbed in once and has been a part of the substitutes on the bench for a total of 27 games.",
                    "goals_info": "Perin has not scored any goals but has commendably conceded only 7 goals.",
                    "saves": "He has shown excellent goalkeeping skills making a total of 33 saves.",
                    "passes": "Perin's playmaking ability is noteworthy with a total of 296 passes and an accuracy of 19%.",
                    "duels": "Perin has attempted 3 duels, proving his worth by winning all of them.",
                    "fouls": "Perin has drawn a single foul without committing any himself.",
                    "cards": "Perin has clean discipline record with zero yellow or red cards.",
                    "penalties": "Perin has also shown his quality by saving one penalty.",
                    "player_overall": "Perin has proven to be a key player displaying strong goalkeeping skills and commendable sportsmanship."
                },
                "transfers": {
                    "transfer_1": "On July 1, 2021, footballer Perin made a notable move from Genoa to Juventus. The details of the transfer remained undisclosed at the time.",
                    "transfer_2": "Previously, on September 4, 2020, Perin was loaned from Juventus to Genoa, marking a significant shift in his career.",
                    "transfer_3": "Interestingly, this wasn't Perin's first loan from Juventus to Genoa. Earlier that year, on January 2, 2020, he had also moved on loan to Genoa.",
                    "transfer_4": "However, the most noteworthy transfer in Perin's career perhaps came on July 1, 2018, when he was transferred from Genoa to Juventus for a hefty \u20ac12M.",
                    "transfer_5": "Rewinding a little further, on July 1, 2013, Perin found himself moving from Pescara to Genoa, marking a significant step in his career. The specifics of this transfer remain undisclosed.",
                    "transfer_6": "Finally, tracing back to the early days of his career, Perin was loaned from Genoa to Sparta-KT on July 8, 2011. This move set the stage for his future career development."
                },
                "news": null
            },
            "850": {
                "information": {
                    "Player Intro": "Introducing our player of the day, Carlo Pinsoglio, the Italian pride who impeccably guards the net.",
                    "Name": "Our attention is drawn to Carlo Pinsoglio, a name that resonates throughout the football realm.",
                    "Age": "Born on March 16, 1990, Carlo Pinsoglio, at the age of 33, exhibits extraordinary agility and performance on the field.",
                    "Birth Details": "Hailing from the beautiful city of Moncalieri, Italy, Carlo Pinsoglio is a testament to Italian footballing prowess.",
                    "Nationality": "Pinsoglio is a proud representative of Italy, showcasing the nation's passion for football.",
                    "Physical Attributes": "Standing tall at 194 cm and weighing an impressive 85 kg, Carlo Pinsoglio is a formidable figure on the pitch."
                },
                "statistics": {
                    "Player's Name": "The player on focus today is the formidable Goalkeeper, Pinsoglio.",
                    "Position and Number": "Pinsoglio, whose number is yet to be assigned, maintains his position as the reliable Goalkeeper for his team.",
                    "Appearance Stats": "Although Pinsoglio has not made a field appearance yet, he has been on the substitutes bench for a whopping 38 games.",
                    "Goalkeeping Stats": "Despite not having set foot on the pitch, Pinsoglio has a saved a penalty to his credit, solidifying his reputation without even being in the goal.",
                    "Tackle Stats": "There are no stats available regarding Pinsoglio's tackling abilities.",
                    "Passing and Dribbling": "There are no recorded statistics for Pinsoglio's passing and dribbling prowess, as he has yet to make his debut on the field.",
                    "Fouls and Cards": "Pinsoglio has managed to keep a clean record, with no drawn fouls or committed fouls to his name. Similarly, he has not received any yellow, yellow-to-red, or red cards.",
                    "Shots and Goals": "Pinsoglio's potential in shooting and scoring goals remains a mystery, as there are no recorded attempts or successes to date."
                },
                "transfers": {
                    "transfer_2016": "On 20th of July 2016, Juventus loaned out Pinsoglio to Latina for a season.",
                    "transfer_2015_to_Livorno": "Pinsoglio was on the move again on 28th of July 2015, as he was loaned to Livorno by Juventus.",
                    "transfer_2015_from_Modena": "Earlier in the same year, on 1st of July, Juventus had recalled Pinsoglio from his stint at Modena.",
                    "transfer_2014_to_Modena": "A year before that, on 5th of July 2014, Juventus had sent Pinsoglio out on loan to Modena.",
                    "transfer_2014_from_Vicenza": "Prior to that, on 1st of July 2014, Juventus had brought back Pinsoglio from his loan spell at Vicenza Virtus.",
                    "transfer_2013_to_Modena": "Pinsoglio had previously been loaned out to Modena from Vicenza Virtus, back on 24th of July 2013.",
                    "transfer_2012_from_Juventus": "Before that, on 17th of January 2012, Pinsoglio had left Juventus for Vicenza Virtus.",
                    "transfer_2011_to_Pescara": "Pinsoglio's journey began on 26th of July 2011, when he was loaned out to Pescara by Juventus."
                },
                "news": null
            },
            "851": {
                "information": {
                    "player_name": "Here we have Wojciech Tomasz Szcz\u0119sny, a formidable player from Poland.",
                    "age": "At 33 years old, he certainly brings a wealth of experience to the field.",
                    "birth_info": "Born on the 18th of April, 1990, in the vibrant city of Warszawa, Poland, Szcz\u0119sny started his journey in football.",
                    "nationality": "As a Polish national, he is a source of pride for many soccer fans back in his home country.",
                    "physical_stats": "Standing at a towering height of 195 cm and weighing 90 kg, Szcz\u0119sny is a commanding presence on the pitch."
                },
                "statistics": {
                    "games_appearences": "Szcz\u0119sny has appeared in 28 games this season, a strong presence on the field without a doubt.",
                    "games_lineups": "Starting in the lineup every game this season, Szcz\u0119sny's consistency is crucial to the team.",
                    "games_minutes": "With 2473 minutes under his belt this season, Szcz\u0119sny's endurance is a key part of his game.",
                    "games_position": "As a goalkeeper, Szcz\u0119sny has been on the front line protecting his team's goal.",
                    "games_rating": "With an average rating of 6.989285, Szcz\u0119sny performance has been solid throughout the season.",
                    "games_captain": "While he may not be the team captain, Szcz\u0119sny's contributions on the field are undeniable.",
                    "substitutes_in": "Szcz\u0119sny has never been substituted in this season, he's been a true pillar for the team.",
                    "substitutes_out": "Substituted out only once this season, Szcz\u0119sny's presence on the field is often crucial for his team.",
                    "substitutes_bench": "Despite spending 6 games on the bench, Szcz\u0119sny's impact when he is on the field is significant.",
                    "goals_total": "While Szcz\u0119sny has not scored any goals this season, his primary role as a goalkeeper focuses on preventing them.",
                    "goals_conceded": "Szcz\u0119sny has conceded 26 goals this season, a testament to the level of competition he's up against.",
                    "goals_saves": "Making an impressive 68 saves this season, Szcz\u0119sny has been a brick wall in the goal.",
                    "passes_total": "With a total of 658 passes this season, Szcz\u0119sny's distribution skills contribute to the team's overall ball movement.",
                    "passes_accuracy": "Despite a passing accuracy of 17%, Szcz\u0119sny's primary role remains defending the goal.",
                    "tackles_total": "Szcz\u0119sny has made one tackle this season, a rarity for goalkeepers.",
                    "duels_total": "Engaging in 14 duels this season, Szcz\u0119sny isn't afraid to get up close and personal with the opposition.",
                    "duels_won": "Winning 13 out of 14 duels, Szcz\u0119sny certainly holds his ground when challenged.",
                    "dribbles_attempts": "Szcz\u0119sny has attempted one successful dribble this season, showcasing his versatility.",
                    "fouls_drawn": "Drawing a single foul this season, Szcz\u0119sny shows he can handle the rougher side of the game.",
                    "cards_yellow": "With no yellow cards this season, Szcz\u0119sny exemplifies strong discipline on the field.",
                    "cards_red": "Without any red cards, Szcz\u0119sny has managed to stay out of serious trouble this season.",
                    "penalty_saved": "Szcz\u0119sny saved a penalty, highlighting fantastic reflexes and a strong understanding of opposing players' tendencies."
                },
                "transfers": {
                    "Szcz\u0119sny_Arsenal_to_AS_Roma": "Szcz\u0119sny's journey to Italy began on July 29, 2015 when he made a loan move from Arsenal to AS Roma.",
                    "Szcz\u0119sny_Brentford_to_Arsenal": "Earlier in his career, on July 1, 2010, Szcz\u0119sny made a permanent move, transitioning from Brentford to Arsenal. The details about the type of transfer are not available.",
                    "Szcz\u0119sny_Arsenal_to_Brentford": "Szcz\u0119sny was no stranger to loan moves, as seen on November 20, 2009, when he was sent on loan from Arsenal to Brentford."
                },
                "news": null
            },
            "853": {
                "information": {
                    "PlayerName": "Here on the field today we have the amazing Leonardo Bonucci,",
                    "PlayerAge": "a football veteran at the age of 36.",
                    "BirthDetails": "Bonucci, born on the 1st of May, 1987, hails from the historic city of Viterbo in Italy.",
                    "Nationality": "He is a proud representative of Italy, his birth country.",
                    "PhysicalStats": "Standing tall at 190 cm and weighing a solid 85 kg, Bonucci is a formidable presence on the pitch."
                },
                "statistics": {
                    "appearances": "Bonucci has made a total of 16 appearances this season.",
                    "lineups": "He was part of the starting line-up in 9 of those matches.",
                    "minutes_played": "Racking up a total of 874 minutes on the pitch.",
                    "position": "Primarily serving as a sturdy wall in the defensive line.",
                    "rating": "Sporting a decent average rating of 6.8 across these games.",
                    "captaincy": "Despite his experience, he hasn't donned the captain's armband in any of the matches.",
                    "substitutions": "He's been called off the bench 7 times, and subbed out twice during matches.",
                    "shots": "He's taken a total of 5 shots, with 2 testing the keeper.",
                    "goals": "His efforts paid off with 1 goal in his name.",
                    "passes": "His presence on the field was felt with a total of 578 passes, 4 of them were key passes.",
                    "tackles": "On the defensive end, he's made 5 tackles and blocked 8 attempts from the opposition.",
                    "interceptions": "His defensive prowess showed further with a total of 13 interceptions.",
                    "duels": "He's engaged in 67 duels and proved victorious in 31 of them.",
                    "dribbles": "Although not a dribbler, he's made 1 successful dribble attempt.",
                    "fouls": "He's drawn 5 fouls and committed 11 himself.",
                    "cards": "This season saw Bonucci picking up 2 yellow cards.",
                    "penalties": "He's missed an unfortunate penalty but hasn't committed or won any other penalties."
                },
                "transfers": {
                    "Bonucci_Transfers_1": "The very latest move in Bonucci's career occurred on September 1st, 2023, when he made the jump from the prestigious Juventus to Union Berlin, transitioning as a free agent.",
                    "Bonucci_Transfers_2": "Previously on August 2nd, 2018, Bonucci was scooped up by Juventus from AC Milan, with the transfer sum looming around \u20ac 35M.",
                    "Bonucci_Transfers_3": "Interestingly enough, just a year prior on July 20th, 2017, Bonucci transitioned from Juventus to AC Milan with a transfer amount of \u20ac 42M. The back-and-forth between these two clubs is quite noteworthy.",
                    "Bonucci_Transfers_4": "Flashback to July 1st, 2010, Bonucci was brought into Juventus from Bari for a handsome sum of \u20ac 15.5M.",
                    "Bonucci_Transfers_5": "A year earlier, on August 1st, 2009, Bonucci had moved from Genoa to Bari for \u20ac 10.5M.",
                    "Bonucci_Transfers_6": "Prior to that, on July 1st, 2009, Bonucci went from Inter to Genoa for a transfer sum of \u20ac 4M.",
                    "Bonucci_Transfers_7": "Interestingly, on January 18th, 2009, he was loaned from Inter to Pisa.",
                    "Bonucci_Transfers_8": "Going even further back, on August 1st, 2007, Bonucci was on a loan spell from Inter to Treviso."
                },
                "news": null
            },
            "860": {
                "information": {
                    "Player_full_name": "On the field today we have Alex Sandro Lobo Silva, a prominent name in the world of football.",
                    "Player_age": "At the age of 32, Alex Sandro shows no signs of slowing down, his experience truly setting him apart.",
                    "Player_birth_date_and_place": "Born on the 26th of January, 1991, in the heart of Brazil, Catanduva, Alex Sandro carries the passion of his homeland in every match he plays.",
                    "Player_nationality": "Alex Sandro proudly represents his Brazilian nationality, being a notable athlete from the country.",
                    "Player_height_and_weight": "Standing at a height of 180 cm and weighing 80 kg, Alex Sandro's physical attributes certainly add to his performance on the field."
                },
                "statistics": {
                    "Player_Name": "Today on the pitch, we are observing a strong performance from defender Lobo Silva.",
                    "Appearance_Stats": "Silva is no stranger to the field, having made 25 appearances this season, with 21 of those from the starting line-up, totaling 1789 minutes of play.",
                    "Shot_Stats": "Offensively, Silva has attempted 4 shots in total. However, it's not clear how many of those were on target as the stat remains unavailable. Unfortunately, he hasn't been able to convert any of these attempts into goals.",
                    "Goal_Stats": "It is clear Silva focuses on his defending duties as he hasn't conceded any goals this season and also assisted in scoring one goal.",
                    "Pass_Stats": "In terms of passing, Silva has made 1116 total passes this season with an accuracy of 39%. He's also made 12 key passes which are instrumental in creating scoring opportunities.",
                    "Tackle_Stats": "Silva has made 35 total tackles this season, along with 10 blocks and 15 interceptions, emphasizing his importance in the defensive line.",
                    "Duel_Dribble_Stats": "On the duel and dribble front, Silva has had a total of 192 duels out of which he has won 117. He has also attempted 22 dribbles with an impressive success rate, completing 18 of them.",
                    "Foul_Card_Stats": "Silva is a tough contender, drawing 25 fouls and committing 27. He has, however, seen the referee's book 5 times with yellow cards, and was sent off once this season.",
                    "Substitute_Stats": "The coach's faith in Silva is quite evident as he's been chosen to come off the bench 4 times and substituted out 5 times. He's been on the substitutes' bench 12 times this season.",
                    "Penalty_Stats": "When it comes to penalties, Silva hasn't been involved in any. He hasn't won, committed, scored, missed, or saved any penalties this season.",
                    "Rating_Captaincy": "With an average rating of 6.9, Silva's contribution to the team has been significant. Despite his contributions, Silva has not worn the captain's armband yet this season."
                },
                "transfers": {
                    "first_transfer": "Lobo Silva was first seen making his strides in the transfer market back in August 2011, when he moved from Santos to FC Porto for a deal reported to be worth around \u20ac9.5M.",
                    "second_transfer": "Then in 2015, Lobo Silva found himself on the move again, this time packing his bags from FC Porto to head for Italian giants Juventus. The transfer fee? A cool \u20ac26M."
                },
                "news": null
            },
            "861": {
                "information": {
                    "Player name": "Our focus is now on the Italian player, Daniele Rugani.",
                    "Age": "At 29 years old, Rugani brings a wealth of experience with him on the pitch.",
                    "Birth info": "Born on the 29th of July, 1994 in Sesto di Moriano, Italy, Rugani has come a long way in his football journey.",
                    "Nationality": "Rugani, having his roots in Italy, represents his country on the international stage.",
                    "Physical stats": "Rugani, with his impressive stature of 190 cm and weight of 84 kg, is a force to be reckoned with on the field."
                },
                "statistics": {
                    "Player_Overview": "Our man on the field today is none other than Rugani, a formidable Defender who has made 9 appearances this season, starting in 6 of these games and totalling 562 minutes on the pitch.",
                    "Substitutions": "Rugani has been substituted in 3 times this season, and out once. He's also been waiting in the wings on the bench 32 times.",
                    "Shooting": "He's tried his luck shooting at the goal a total of 3 times, with 1 of these shots finding their mark. However, no goals have been scored by Rugani so far.",
                    "Passing_and_Tackling": "Rugani has displayed some solid defensive skills with a total of 7 tackles, 5 blocks and 7 interceptions. He's also shown himself to be an important part of the team's playmaking efforts, making a total of 262 passes with a 28% accuracy rate.",
                    "Duels_and_Dribbles": "On the dueling side of things, Rugani has engaged in a total of 33 duels, winning 19 of these. His dribbling also appears to be on point with just 1 attempt, which was a successful one.",
                    "Disciplinary_Record": "Rugani maintains a clean sheet when it comes to disciplinary actions, with no yellow or red cards to his name. He has committed 5 fouls this season.",
                    "Penalties": "Rugani hasn't scored any penalties this season, nor has he missed any. It seems he hasn't been involved in any penalty-related actions."
                },
                "transfers": {
                    "player_name": "Rugani",
                    "first_transfer": "Rewinding to the start of his career, Rugani was transferred on loan from Juventus to Empoli on July 31, 2013. A pivotal moment in his journey, allowing the player to gain significant experience.",
                    "second_transfer": "After a successful loan period, Juventus clearly saw the potential in Rugani and retrieved him from Empoli on July 1, 2015. An instrumental move that saw Rugani further contribute to the Juventus squad.",
                    "third_transfer": "Rugani continued to make his mark on the field and was loaned to Rennes from Juventus on October 3, 2020. This move allowed him to showcase his skills on a different stage.",
                    "fourth_transfer": "Not shy of change, Rugani was loaned to Cagliari from Juventus on February 1, 2021, further enhancing his player portfolio.",
                    "fifth_transfer": "In a more recent move, Rugani transferred from Cagliari to Juventus on July 1, 2021. A return to familiar grounds, Rugani continues to play a key role in the Juventus squad."
                },
                "news": null
            },
            "323936": {
                "information": {
                    "player_name": "Stepping onto the pitch is Mat\u00edas Soul\u00e9 Malvano, carrying with him the vibrant spirit of Argentine football.",
                    "player_age": "At only 20 years of age, Soul\u00e9 shows a level of skill and composure that belies his years.",
                    "player_birth": "Born on the 15th of April, 2003, this young talent hails from the bustling city of Mar del Plata, Argentina, a hotbed for footballing talent.",
                    "player_nationality": "Wearing his Argentine nationality with pride, Mat\u00edas showcases the formidable style of play that his country is known for.",
                    "player_height": "Standing tall at 182 cm, Mat\u00edas uses his height to his advantage, dominating the field with his presence.",
                    "player_weight": "Although his exact weight is not listed, Soul\u00e9 shows an impressive balance of speed and strength on the field."
                },
                "statistics": {
                    "Appearances": "Soul\u00e9 Malvano has made 13 appearances this season, starting in 4 of these games. He has played a total of 414 minutes.",
                    "Position and Rating": "Filling the role of an Attacker, Malvano's performance has been solid, earning an average rating of 6.72.",
                    "Substitution": "Malvano has been subbed in 9 times, out on 4 occasions, and has been on the bench 30 times.",
                    "Shots and Goals": "He has made 9 shots in total, with 5 on target, and has scored once. As an attacker, he holds a clean record with zero goals conceded.",
                    "Passes": "Malvano has made 153 passes in total, with 9 key passes and an accuracy of 9.",
                    "Tackles": "In defense, Malvano has made 7 successful tackles, one block, and intercepted the ball 3 times.",
                    "Duels and Dribbles": "In duels, he's contested 64 times and won 27 of these. Malvano has attempted 23 dribbles and succeeded in 12.",
                    "Fouls and Cards": "He has drawn 5 fouls, committed 3 himself, and maintains a clean record with no yellow or red cards.",
                    "Penalties": "Soul\u00e9 Malvano hasn't won or committed any penalties. He neither scored nor missed any penalty."
                },
                "transfers": {
                    "player_transfer_1": "Soul\u00e9 Malvano, once a rising star at Juventus, made a temporary move to Frosinone on a loan deal on August 28th, 2023. It was a strategic switch aimed at gaining more first team experience.",
                    "player_transfer_2": "After an enriching stint at Frosinone, Malvano returned to Juventus on July 1st, 2024. The nature of the transfer isn't specified, however, his return signifies the faith Juventus has in the player's potential."
                },
                "news": null
            },
            "866": {
                "information": {
                    "Player_Name": "We're focusing on Juan Guillermo Cuadrado Bello, one of the standout players on the field today.",
                    "Age": "Cuadrado, at 35 years old, showcases an impressive longevity in his football career.",
                    "Birth_Info": "Born on the 26th of May, 1988, in the vibrant town of Necocl\u00ed, Colombia, Cuadrado surely brings some of that vibrancy onto the pitch.",
                    "Nationality": "Carrying the national colours of Colombia, Cuadrado's skills are an embodiment of the footballing talent the country has to offer.",
                    "Physical_Stats": "Standing at a height of 179 cm and weighing in at 72 kg, Cuadrado's physicality surely gives him an edge in the game."
                },
                "statistics": {
                    "Appearances": "Cuadrado Bello has made an impact in 31 games this season, being part of the starting lineup in 24 of those matches.",
                    "PlayingTime": "With a total of 2087 minutes played, Cuadrado Bello's contribution on the pitch can't be overlooked.",
                    "OnFieldPosition": "Cuadrado Bello has been showcasing his skills in the midfield, controlling the game flow with his tactical acumen.",
                    "PlayerRating": "An average rating of 7.1 suggests that Cuadrado Bello has been a key performer for his team this season.",
                    "Captaincy": "Even though not the captain, Cuadrado Bello displays leadership qualities and influences the game from the midfield.",
                    "Substitutions": "Bello has been substituted in 7 times and has made his exit early in 13 matches, providing a tactical advantage when needed.",
                    "Shots": "With a total of 27 shots, 11 of which found the target, Cuadrado Bello is not afraid to take chances in front of the goal.",
                    "Goals": "Cuadrado Bello has found the net once this season along with providing 3 assists, contributing to his team's attack.",
                    "Passes": "Cuadrado Bello has made 1108 total passes, with a 31% accuracy, creating 44 key passes that shows his playmaking abilities.",
                    "Defense": "An impressive count of 50 tackles, 2 blocks, and 24 interceptions confirm Cuadrado Bello's role as a crucial element of the team's defensive line.",
                    "Duels": "Engaging in 245 duels and coming out victorious in 129 of them, Cuadrado Bello is very adept in one-on-one situations.",
                    "Dribbles": "Cuadrado Bello has attempted 46 dribbles this season, successfully completing 24 of them, showing off his skill and control on the ball.",
                    "Discipline": "Cuadrado Bello has drawn 44 fouls while committing 33 himself. With 6 yellow cards and 1 red card to his name, he plays with a fierce competitive spirit.",
                    "Penalty": "Cuadrado Bello, however, hasn't contributed much in terms of penalties, with no penalty won, committed, scored, missed, or saved."
                },
                "transfers": {
                    "First Transfer": "Cuadrado Bello started his journey in European football with a transfer from Independiente Medellin to Udinese on July 3, 2009. The details of the transfer fee remain undisclosed.",
                    "Loan to Lecce": "From Udinese, Bello was loaned to Lecce on August 4, 2011, a key stage in the player's development in European leagues.",
                    "Transfer to Chelsea": "Bello's talent marked a high-profile transfer to Chelsea from Fiorentina on February 2, 2015, for a hefty \u20ac34M.",
                    "Loan to Juventus": "After a brief stint at Chelsea, Bello was loaned to Juventus on August 25, 2015, beginning his successful journey in the Italian Serie A.",
                    "Back to Chelsea": "A back-and-forth phase in Bello's career saw him return to Chelsea on July 1, 2016, but his stay was short-lived.",
                    "Second Loan to Juventus": "A second loan move materialized for Bello on August 31, 2016, that saw him return to Juventus from Chelsea.",
                    "Permanent move to Juventus": "It seems that Bello found his home at Juventus as the club secured him on a permanent transfer from Chelsea for \u20ac20M on July 1, 2017.",
                    "Future Transfer": "Interestingly, a future move for Bello has already been inked. As of July 19, 2023, he will be moving to Inter from Juventus on a free transfer."
                },
                "news": null
            },
            "618": {
                "information": {
                    "firstname": "Here on the pitch, we have none other than the impressive Danilo Luiz.",
                    "lastname": "Da Silva, a name known to instill fear in the most formidable of opponents, is preparing for a thrilling match today.",
                    "age": "At the ripe age of 32, da Silva still manages to keep up with players almost a decade his junior. His experience truly shines through on the field.",
                    "birth_date": "Born on the 15th of July, 1991, this lad has come a long way since his early footballing days.",
                    "birth_place": "Hailing from Bicas, a small city in Brazil, da Silva is indeed a testament to the fact that talent can come from the most unlikely of places.",
                    "birth_country": "Born and raised in Brazil, the nation that has produced numerous football legends, Da Silva carries on that proud lineage.",
                    "nationality": "A true Brazilian at heart, da Silva's style of play is reflective of the country's vibrant and dynamic football culture.",
                    "height": "Standing tall at 184 cm, da Silva uses his height to his advantage, particularly when it comes to headers.",
                    "weight": "Weighing in at 78 kg, da Silva has the perfect blend of strength and speed, making him a formidable player on the pitch."
                },
                "statistics": {
                    "Appearance_Stats": "da Silva made quite an impression this season, with 37 appearances and 35 lineups. He has played 3182 minutes in total, showcasing his importance to the team.",
                    "Position_Rating": "Being a defender, da Silva has demonstrated a solid performance with an impressive average rating of 7.22 this season.",
                    "Substitute_Stats": "da Silva has been substituted in twice and remarkably, he hasn't been substituted out this season. He was also on the bench 2 times.",
                    "Shooting_Stats": "da Silva made 25 total attempts on goal with 5 on target, securing 3 goals for his team.",
                    "Defensive_Stats": "As expected from a defender, da Silva didn't concede a single goal. He recorded an impressive 92 tackles overall, with 20 successful blocks and 47 interceptions.",
                    "Passing_Stats": "In terms of his ball distribution, da Silva made 2072 total passes with 19 key passes and an accuracy rate of 47%.",
                    "Duel_Stats": "In his 274 duels this season, da Silva came out on top 169 times, showing his physical capabilities.",
                    "Dribbling_Fouls_Stats": "da Silva attempted 16 dribbles, succeeding in 7. He was fouled 17 times and committed 33 fouls.",
                    "Disciplinary_Record": "da Silva has seen yellow 5 times this season but managed to steer clear of any red cards or double yellows.",
                    "Penalty_Record": "da Silva didn't take any penalties this season."
                },
                "transfers": {
                    "transfer_1": "On the 7th of August, 2019, Da Silva made a significant transfer from Manchester City to Juventus. This was a huge deal in the football world, as the fee for the transfer was a whopping \u20ac 37M.",
                    "transfer_2": "Earlier, on the 23rd of July, 2017, Silva had made a switch from Real Madrid to Manchester City. This move too involved big numbers, as the transfer sum stood at \u20ac 30M.",
                    "transfer_3": "Da Silva's transfer on the 1st of July, 2015 from FC Porto to Real Madrid is not to be overlooked either, as the fee for this move was \u20ac 31.5M.",
                    "transfer_4": "Kicking off his European career, on the 1st of January, 2012, Da Silva made the leap from Santos to FC Porto with a transfer fee of \u20ac 13M."
                },
                "news": null
            },
            "876": {
                "information": {
                    "Player_Name": "Stepping onto the pitch now is Nicol\u00f2 Fagioli, a promising young talent.",
                    "Age": "At just 22 years of age, Fagioli has already made a name for himself in football.",
                    "Birth_Details": "Born in the beautiful city of Piacenza, Italy on the 12th of February, 2001, Fagioli is a true Italian talent.",
                    "Nationality": "As you may guess from his birthplace, Fagioli represents his home country of Italy with pride.",
                    "Physical_Attributes": "His commendable stature of 178 cm and his athletic weight of 71 kg, validate Fagioli's physical prowess on the field."
                },
                "statistics": "{\n\"player_summary\": \"Our key player today is the Midfielder, Fagioli. He has made 26 appearances this season, starting the match in the lineup 17 times.\", \n\n\"playing_time\": \"Fagioli has a total of 1521 minutes played this season, indicating a substantial contribution to his team. Interestingly, he has been both substituted in and out 9 times each.\", \n\n\"performance\": \"Fagioli boasts a solid performance rating of 6.74, proving his consistent influence in the game. Although not being a captain, his steady performance says a lot about his leadership on the field.\", \n\n\"offensive_stats\": \"On the offensive front, Fagioli has attempted 10 shots, with an impressive 80% being on target. He's managed to find the back of the net 3 times this season, while also contributing 3 assists.\", \n\n\"passing_stats\": \"Fagioli displays a strong passing game with 571 total passes and 15 key passes. His pass accuracy, however, seems a bit low at only 18, showing an area where improvement can be made.\", \n\n\"defensive_stats\": \"Defensively, Fagioli has made 30 total tackles, 2 block tackles and 8 interceptions. Despite the midfield position, he's showing a good defensive portfolio.\", \n\n\"duels_and_dribbles\": \"Fagioli is not shy in taking on his opponents, with 136 duels and 15 dribble attempts. He has a success rate of nearly 45% in dribbles and has won 45% of his duels.\", \n\n\"fouls_and_cards\": \"Discipline seems to be a strong aspect of Fagioli's game, with only 3 yellow cards and 20 fouls committed. He\u2019s also managed to draw 23 fouls, showing his ability to put pressure on the opposition.\", \n\n\"penalties\": \"Though Fagioli hasn\u2019t been involved in any penalties this season, either committed, won, or scored, he remains a valuable asset for his team.\". \n\n}",
                "transfers": {
                    "Transfer_1": "On the 1st of July 2022, Fagioli made a sensational move from Cremonese back to Juventus, a transfer that certainly surprised a few.",
                    "Transfer_2": "Prior to that, on the 31st of August 2021, Fagioli was loaned out from Juventus to Cremonese, a strategic move that allowed him to get more game time."
                },
                "news": null
            },
            "877": {
                "information": {
                    "player_intro": "The spotlight is on the young Italian, Moise Bioty Kean. Born in Vercelli some 23 years ago, he proudly represents his birth country both on and off the field.",
                    "player_birth": "Kean, born on February 28, 2000, has overcome many challenges to etch his name in the world of football.",
                    "player_nationality": "Hailing from Italy, Kean's national pride is readily evident in his passionate performances on the pitch.",
                    "player_physique": "Standing at 183 cm and weighing 67 kg, Kean\u2019s physicality is definitely one of his big assets. His height and lean build allow him to move swiftly across the field, dodging opponents with ease.",
                    "player_overall": "Kean, the 23-year-old Italian, is definitely a player to keep an eye on in this competition. Born and bred in Vercelli, Italy, his skill and dedication is a testament to the country\u2019s love for football."
                },
                "statistics": {
                    "appearances": "Kean has made a total of 28 appearances this season, showing his impact on the field.",
                    "lineups": "Out of these appearances, he found himself in the starting line-up 11 times.",
                    "minutes_played": "Kean has pitched a total of 990 minutes on the pitch this season.",
                    "position": "Kean has predominantly been played as an Attacker.",
                    "rating": "He has an average game rating of 6.589285, indicating his value to the team.",
                    "captain": "Despite his performances, he has not yet had the chance to wear the captain's armband.",
                    "substitutes_in": "He has come off the bench 17 times, proving his role as a game-changer.",
                    "substitutes_out": "He has been substituted out 11 times during the games.",
                    "shots": "He has made a total of 33 shots, with 14 being on goal.",
                    "goals_scored": "Kean boasts a respectable total of 6 goals this season.",
                    "passes": "He has made 179 passes, 8 of which were key to goal opportunities.",
                    "tackles": "Kean has made 8 successful tackles and 5 interceptions.",
                    "duels": "He's engaged in 130 duels and won 49 over the course of the season.",
                    "dribbles": "Kean has made 37 dribbling attempts, 14 of which were successful.",
                    "fouls": "He has drawn 18 fouls while committing 15 himself.",
                    "cards": "Throughout the season, he has received 5 yellow cards and 1 red card."
                },
                "transfers": {
                    "transfer_1": "On the transfer deadline day of 2023, Kean made a sensational return to Juventus from Everton with a hefty transfer tag of \u20ac 28M. The Old Lady welcomed back their prodigy with high expectations.",
                    "transfer_2": "Earlier in 2021, Kean was temporarily brought back to Juventus on loan from Everton. It was a strategic move by the Italian giants, aiming to revive his spectacular form.",
                    "transfer_3": "In the summer of 2021, Kean made a move from Paris Saint Germain to Everton. The details of the transfer were not disclosed but marked the start of a new chapter in his career.",
                    "transfer_4": "In a surprising turn of events, Kean was loaned out to Paris Saint Germain from Everton in October 2020. It was a move that no one saw coming but was a significant step in Kean's career enhancement.",
                    "transfer_5": "On the 4th of August 2019, Everton pulled off a coup by signing Kean from Juventus for a staggering \u20ac 33M. The Toffees were pinning their hopes on this young forward to deliver.",
                    "transfer_6": "In 2018, Kean made a return to Juventus from Verona, albeit the transfer details remained undisclosed. It was a homecoming of sorts for this young talent.",
                    "transfer_7": "Back in August 2017, Kean was loaned out to Verona from Juventus. The move was aimed to help him get more game time and develop his skills."
                },
                "news": null
            },
            "162173": {
                "information": {
                    "Player Introduction": "Introducing to the field, the young sensation, Samuel Iling-Junior. At just 20 years of age, he's already making waves in the world of football.",
                    "Birth Information": "Born on the 4th of October, 2003, this promising talent has sprung right from the heart of London, England.",
                    "Nationality": "Wearing his English nationality with pride, Iling-Junior has always shown strong dedication towards his home country.",
                    "Physical Attributes": "Standing tall at 182 cm, Iling-Junior's height gives him an advantage on the field. His weight is undisclosed, keeping his opponents guessing about his agility and speed."
                },
                "statistics": {
                    "Player_Overview": "Iling-Junior, primarily an Attacker, has made 12 appearances this season, starting only once and being substituted in 11 times. Despite being a fringe player, he has still managed to contribute with a goal and an assist.",
                    "Key_Stats": "In his limited game time of 306 minutes, Iling-Junior has managed to take 4 total shots, with one on target. He also made a notable contribution in the passing game with 110 total passes and 5 of them being key passes.",
                    "Defensive_Contribution": "Despite being an attacker, Iling-Junior has shown his defensive worth as well with 7 total tackles, 1 successful block, and 2 interceptions.",
                    "Dribbling_and_Duels": "In terms of duels, Iling-Junior has engaged in a total of 40, coming out victorious in 15 of them and demonstrating his skill with 10 dribble attempts where he succeeded 5 times.",
                    "Disciplinary_Record_and_Fouls": "Iling-Junior's discipline can be questioned as he has committed 9 fouls while drawing only 2 for his team. His aggressive playstyle has seen him receive one yellow card this season.",
                    "Penalty_Record": "Although Iling-Junior has yet to win or commit a penalty, he also hasn't had the opportunity to score or miss from the spot."
                },
                "transfers": {
                    "player_transfer_history": "Iling-Junior's career history showcases no player transfers. He has remained committed to his home club, proving his loyalty and resilience."
                },
                "news": null
            }
        },
        "coach": {
            "General_Info": "Age 56, born in Livorno, Italy, Massimiliano 'M. Allegri' is certainly a notable figure in the football world. At 183 cm tall, this Italian nationality coach has made his mark on several teams throughout his illustrious career.",
            "Career_History": "Starting his career in SPAL back in 2004, Allegri's coaching journey has taken him through a series of well-reputed clubs. He spent time with Grosseto, Sassuolo, and Cagliari, before landing a position at AC Milan in 2010, which propelled him into the limelight. After four successful years at Milan, he switched over to Juventus in 2014, where he had a commendable five-year stint. After a brief hiatus, Allegri returned to Juventus in 2021, where he continues to lead the team to this day."
        }
    }
}